user_id,movie_id,promedio_rating_real,estimacion_rating,title
100,3147,3.579442714350294,4.40740210053609,"Green Mile, The (1999)"
100,318,3.579442714350294,4.400223555333519,"Shawshank Redemption, The (1994)"
100,58559,3.579442714350294,4.399551013521968,"Dark Knight, The (2008)"
100,2324,3.579442714350294,4.392307227509591,Life Is Beautiful (La Vita è bella) (1997)
100,48516,3.579442714350294,4.377911741200603,"Departed, The (2006)"
